User_Id|User_Name|gender|email|password|User_Type
Aswin1524|Aswin Karthik|Male|aswin@gmail.com|Aswin@1524|Admin
Abhilokesh1410|Abhilokesh|Male|abhilokesh@gmail.com|Abhilokesh@1410|Admin
bvss|Soma Sekhar|Male|somasekhar@gmail.com|Sekhar@1|User 
nSai|Nithin|Male|nithin@gmail.com|Nithin@1|User
Varada|Vinay Bhaskar|Male|vinaybhaskar@gmail.com|Bhaskar@1|User
VallalaS|Shiva|Male|shiva@gmail.com|Shiva@1|User
palarpaG|Gowthami|Female|gowthami@gmail.com|Gowthami@1|Admin
